wheat bread,Tomato,Avocado,Jalapeno,Mushrooms,Corns,,,,,,,,,,,,,,,,,,,,,,,,,,
Cereal,Cereal,Salsa,Salsa,Pasta,wheat bread,Tomato,Cilantro,Green Peppers,Broccoli,Pomegranate,Squash,Banana,Avocado,Limes,Grapes,Cucumber,cauliflower,Squash,Soy Milk,,,,,,,,,,,,
Soy Milk,,,,,,,,,,,,,,,,,,,,,,,,,,,,,,,
Juice,wheat bread,Ginger,Tomato,Milk,,,,,,,,,,,,,,,,,,,,,,,,,,,
Juice,Tea,Salsa,wheat bread,Cracker,Corns,Tomato,Cilantro,Red onions,Avocado,Ginger,Broccoli,Cabbage,Limes,,,,,,,,,,,,,,,,,,
wheat bread,Cilantro,Banana,Limes,Tomato,Jalapeno,Squash,Avocado,Tomato,Red onions,Milk,Juice,,,,,,,,,,,,,,,,,,,,
Soy Milk,Peanut butter,Flour,Vegan chicken,Cereal,Vegan Sausage,Garlic,Beet Root,wheat bread,Grapes,Banana,,,,,,,,,,,,,,,,,,,,,
wheat bread,Puffed Rice,Dumpling Wrapper,Dumpling Wrapper,Salt,Butter,pickle,Papaya,Lemon Juice,Red Potato,Masala noodles,Ginger,Nice Biscuits,Nice Biscuits,Kaju katli,Cilantro,Red onions,Green Cabbage,Cumin powder,Gulab jamun,Banana,Tomato,Cucumber,Green chilli,Sugar,Bamboo shoot,Mushrooms,Milk,,,,
Lentle,Beans,Tumeric powder,Masala noodles,Sandwich cookie,Banana,Avocado,Green chilli,cauliflower,Eggs,Milk,,,,,,,,,,,,,,,,,,,,,
Mushrooms,Red onions,Tomato,Jalapeno,Red Potato,Milk,Bean burger,Salsa,Hummus,Cracker,Avocado,Grapes,Ham Rolls,Green Peas,Mushrooms,,,,,,,,,,,,,,,,,
Bath Tissue,Tilapia,Quinoa,Rice,Banana,Kimchi,Dish washer,Paper Towels,,,,,,,,,,,,,,,,,,,,,,,,
Waffle,Pani poori,Red onions,Cookies,Cardamom,Roasted Chana,Green Peas,Ginger,Milk,Tofu,Red Potato,Chocolate Milk,Chilli Sauce,Mushrooms,Okra,Limes,Banana,pumpkin,Banana,Cucumber,Egg Plant,Lentle,Paratha,Jalapeno,Juice,Papaya,Cilantro,Dumpling Wrapper,cauliflower,Masala noodles,Juice,Cracker
Red onions,Tomato,Red Potato,Green chili,Garlic,Spinich,,,,,,,,,,,,,,,,,,,,,,,,,,
Nice Biscuits,Tea,coffee,Allo tikki roll,Paneer,Puffed Rice,Dumpling Wrapper,Chilli Sauce,Green Peas,Yoghurt,Milk,Tomato,Red onions,cauliflower,Masala noodles,Mushrooms,pumpkin,Cilantro,Limes,Green Peppers,Chocolate Milk,Cabbage,Egg Plant,Cucumber,Masala noodles,Juice,Eggs,,,,,
Egg Plant,Okra,Juice,Red onions,Tomato,Red Potato,,,,,,,,,,,,,,,,,,,,,,,,,,
Blue berries,Soy Milk,Jalapeno,Beet Root,Cabbage,Vegan beef,Vegan Sausage,Vegan burger,Yoghurt,Banana,,,,,,,,,,,,,,,,,,,,,,
lettuce,Okra,Bitter melon,cauliflower,Lentle,Masala noodles,Cilantro,Egg Plant,Red Potato,Loki,Tomato,Sugar,,,,,,,,,,,,,,,,,,,,
Pancake mix,Syrup,Banana,Limes,Avocado,Ginger,Juice,Milk,Half and half,,,,,,,,,,,,,,,,,,,,,,,
Bath Tissue,Paper Towels,Ham Rolls,Peas,Tomato,Cracker,Limes,Broccoli,Mushrooms,Orange,Corns,Tomato,Mixed Veggies,Banana,Milk,Bean burger,,,,,,,,,,,,,,,,
Tomato,Milk,Red Potato,Spinich,Okra,lettuce,cauliflower,loki,,,,,,,,,,,,,,,,,,,,,,,,
Sandwich cooki,Peanut butter,potato sandwic,potato roll,wheat bread,Red Potato,Tomato,Mushrooms,Avocado,,,,,,,,,,,,,,,,,,,,,,,
